PC,Proportion.Variance.Explained
1,0.04315205128621444
2,0.023261464140092912
3,0.011701914087003324
4,0.01106338138762564
5,0.008702035944848476
6,0.007699718841205591
7,0.006954377169525223
8,0.005686880875776849
9,0.005222044697684479
10,0.004156883438429006
